[
    {
        "model": "courses.courseschedule",
        "pk": 1,
        "fields": {
            "days": "Monday",
            "start_time": "08:00:00",
            "end_time": "10:00:00",
            "room_no": "101"
        }
    },
    {
        "model": "courses.courseschedule",
        "pk": 2,
        "fields": {
            "days": "Wednesday",
            "start_time": "10:30:00",
            "end_time": "12:30:00",
            "room_no": "102"
        }
    },
    {
        "model": "courses.courseschedule",
        "pk": 3,
        "fields": {
            "days": "Friday",
            "start_time": "13:00:00",
            "end_time": "15:00:00",
            "room_no": "103"
        }
    },


    {
        "model": "courses.courseschedule",
        "pk": 4,
        "fields": {
            "days": "Tuesday",
            "start_time": "09:00:00",
            "end_time": "11:00:00",
            "room_no": "201"
        }
    },
    {
        "model": "courses.courseschedule",
        "pk": 5,
        "fields": {
            "days": "Thursday",
            "start_time": "14:00:00",
            "end_time": "16:00:00",
            "room_no": "202"
        }
    },
    {
        "model": "courses.courseschedule",
        "pk": 6,
        "fields": {
            "days": "Saturday",
            "start_time": "10:00:00",
            "end_time": "12:00:00",
            "room_no": "203"
        }
    }
]
   