[
    {
        "model": "courses.course",
        "pk": 1,
        "fields": {
            "code": 1,
            "name": "Math 101",
            "description": "Introduction to Mathematics",
            "instructor": "Prof. Sara",
            "prerequisites": "",
            "capacity": 50,
            "schedule_id": 1
        }
    },
    {
        "model": "courses.course",
        "pk": 2,
        "fields": {
            "code": 2,
            "name": "English Composition",
            "description": "Writing and Composition",
            "instructor": "Prof. Mohammad",
            "prerequisites": "",
            "capacity": 40,
            "schedule_id": 2
        }
    },
    {
        "model": "courses.course",
        "pk": 3,
        "fields": {
            "code": 3,
            "name": "Computer Science 101",
            "description": "Introduction to Computer Science",
            "instructor": "Prof. islam",
            "prerequisites": "",
            "capacity": 60,
            "schedule_id": 3
        }
    },
    {
        "model": "courses.course",
        "pk": 4,
        "fields": {
            "code": 4,
            "name": "Arabic 105",
            "description": "Beginning in Arabic",
            "instructor": "Prof. Ali",
            "prerequisites": "",
            "capacity": 60,
            "schedule_id": 4
        }
    }
   
   
]
